Year,fossil-fuel-and-industry,land-use-change-emissions,atmospheric-growth,ocean-sink,land-sink,budget-imbalance,emissions-total,sinks-total
1750,,,-0.077592,,0.213943083934302,,,0.136351083934302
1751,0.003,,-0.073988,,-0.508879621465544,,0.003,-0.582867621465544
1752,0.003,,-0.070596,,-0.359292591454379,,0.003,-0.429888591454379
1753,0.003,,-0.067628,,0.0145509583392549,,0.003,-0.0530770416607451
1754,0.003,,-0.064024,,-0.270070104812081,,0.003,-0.334094104812081
1755,0.003,,-0.058088,,-0.114169396789693,,0.003,-0.172257396789693
1756,0.003,,-0.050244,,0.323432865787994,,0.003,0.273188865787994
1757,0.003,,-0.04028,,0.52183062413835,,0.003,0.48155062413835
1758,0.003,,-0.028408,,-0.0111920302871258,,0.003,-0.0396000302871258
1759,0.003,,-0.014204,,-0.540355082747415,,0.003,-0.554559082747415
1760,0.003,,0.001908,,-0.0296095397816904,,0.003,-0.0277015397816904
1761,0.003,,0.02014,,-0.649256790403203,,0.003,-0.629116790403203
1762,0.003,,0.040492,,-0.580679861063221,,0.003,-0.540187861063221
1763,0.003,,0.062752,,0.354778325095655,,0.003,0.417530325095655
1764,0.003,,0.087344,,0.489546938770044,,0.003,0.576890938770044
1765,0.003,,0.11236,,-0.230848668134816,,0.003,-0.118488668134816
1766,0.003,,0.135256,,0.176130311438028,,0.003,0.311386311438028
1767,0.003,,0.156032,,0.308281264820854,,0.003,0.464313264820854
1768,0.003,,0.174476,,0.324101900966365,,0.003,0.498577900966365
1769,0.003,,0.190588,,0.0852742393221039,,0.003,0.275862239322104
1770,0.003,,0.20458,,0.143756174177975,,0.003,0.348336174177975
1771,0.004,,0.216452,,-0.199032357563435,,0.004,0.0174196424365655
1772,0.004,,0.225992,,-0.308918761336288,,0.004,-0.0829267613362877
1773,0.004,,0.2332,,0.0273569078784002,,0.004,0.2605569078784
1774,0.004,,0.238288,,-0.0882033418108875,,0.004,0.150084658189113
1775,0.004,,0.242528,,0.0635586740974309,,0.004,0.306086674097431
1776,0.004,,0.248464,,0.420991737866527,,0.004,0.669455737866527
1777,0.004,,0.256308,,0.637924199850806,,0.004,0.894232199850806
1778,0.004,,0.26606,,0.0980915221947244,,0.004,0.364151522194724
1779,0.004,,0.27772,,-0.387593382849497,,0.004,-0.109873382849497
1780,0.004,,0.2915,,0.240342098012918,,0.004,0.531842098012918
1781,0.005,,0.31482,0.07433,-0.506863840235497,,0.005,-0.117713840235497
1782,0.005,,0.348316,0.082155,-0.467417729384195,,0.005,-0.0369467293841954
1783,0.005,,0.378844,0.08952,0.647223841813109,,0.005,1.11558784181311
1784,0.005,,0.40598,0.10207,0.765466266000273,,0.005,1.27351626600027
1785,0.005,,0.429512,0.104205,0.0520122474198078,,0.005,0.585729247419808
1786,0.005,,0.44944,0.11673,0.399767505129044,,0.005,0.965937505129044
1787,0.005,,0.465764,0.12393,0.517398518217188,,0.005,1.10709251821719
1788,0.005,,0.478696,0.131105,0.531970625783479,,0.005,1.14177162578348
1789,0.005,,0.488024,0.13301,0.208539202282329,,0.005,0.829573202282329
1790,0.005,,0.493748,0.14019,0.418732236735666,,0.005,1.05267023673567
1791,0.006,,0.495868,0.147095,-0.11044826393789,,0.006,0.53251473606211
1792,0.006,,0.494384,0.14901,0.130363380258129,,0.006,0.773757380258129
1793,0.006,,0.489296,0.15568,0.244329797856946,,0.006,0.889305797856946
1794,0.006,,0.480816,0.15749,0.331385774906606,,0.006,0.969691774906607
1795,0.006,,0.468732,0.163805,0.276364679996177,,0.006,0.908901679996177
1796,0.006,,0.45474,0.164995,0.620701105145804,,0.006,1.2404361051458
1797,0.007,,0.439476,0.1658,1.00765878110321,,0.007,1.61293478110321
1798,0.007,,0.42188,0.16673,0.503028753599373,,0.007,1.09163875359937
1799,0.007,,0.401952,0.167235,0.00326733092491845,,0.007,0.572454330924919
1800,0.008,,0.38054,0.17277,0.425495280733144,,0.008,0.978805280733144
1801,0.008,,0.361672,0.173235,-0.18503367870502,,0.008,0.349873321294981
1802,0.01,,0.34238,0.173365,-0.114894655369359,,0.01,0.400850344630641
1803,0.009,,0.321816,0.17367,0.865060378676231,,0.009,1.36054637867623
1804,0.009,,0.300192,0.17359,0.953593718073816,,0.009,1.42737571807382
1805,0.009,,0.277296,0.17356,0.16774111344672,,0.009,0.61859711344672
1806,0.01,,0.25334,0.173505,0.536657401471661,,0.01,0.963502401471661
1807,0.01,,0.228112,0.173135,0.655406880144035,,0.01,1.05665388014404
1808,0.01,,0.201824,0.17295,0.59307385406469,,0.01,0.96784785406469
1809,0.01,,0.174264,0.17259,0.371807302145247,,0.01,0.718661302145247
1810,0.01,,0.145644,0.17252,0.534764823558185,,0.01,0.852928823558185
1811,0.011,,0.115752,0.16692,-0.1269979738103,,0.011,0.1556740261897
1812,0.011,,0.0848,0.16627,0.0399621720472254,,0.011,0.291032172047225
1813,0.011,,0.052576,0.165735,0.391488180372016,,0.011,0.609799180372016
1814,0.011,,0.019292,0.16021,0.241896358355388,,0.011,0.421398358355388
1815,0.012,,-0.014628,0.15963,0.347486714788949,,0.012,0.492488714788949
1816,0.013,,-0.044308,0.15875,0.641064924865998,,0.013,0.755506924865998
1817,0.014,,-0.067628,0.15806,0.868517111874598,,0.014,0.958949111874598
1818,0.014,,-0.0848,0.15751,0.330137899400171,,0.014,0.402847899400171
1819,0.014,,-0.095612,0.15205,-0.218228363696268,,0.014,-0.161790363696268
1820,0.014,,-0.099852,0.15117,0.333817049688134,,0.014,0.385135049688134
1821,0.014,,-0.098156,0.15066,-0.445937657663523,,0.014,-0.393433657663523
1822,0.015,,-0.089888,0.149595,-0.264177517381436,,0.015,-0.204470517381436
1823,0.016,,-0.07526,0.144045,0.527429642023284,,0.016,0.596214642023284
1824,0.016,,-0.054484,0.14338,0.734698486990602,,0.016,0.823594486990602
1825,0.017,,-0.027348,0.14237,0.11774683657908,,0.017,0.23276883657908
1826,0.017,,0.006148,0.14153,0.421762399585964,,0.017,0.569440399585964
1827,0.018,,0.043248,0.1408,0.540096028994322,,0.018,0.724144028994322
1828,0.018,,0.068264,0.140145,0.516558210453664,,0.018,0.724967210453664
1829,0.018,,0.088192,0.13505,0.193797063874803,,0.018,0.417039063874802
1830,0.024,,0.106424,0.13455,0.370219167580948,,0.024,0.611193167580948
1831,0.023,,0.122324,0.134,-0.0940529679802197,,0.023,0.16227103201978
1832,0.023,,0.136528,0.13352,0.027627405514337,,0.023,0.297675405514337
1833,0.024,,0.148612,0.13358,0.249978989927222,,0.024,0.532170989927222
1834,0.024,,0.160484,0.1337,0.00727984307453169,,0.024,0.301463843074532
1835,0.025,,0.179352,0.133975,0.285023004712726,,0.025,0.598350004712726
1836,0.029,,0.205428,0.13412,0.608696821947745,,0.029,0.948244821947745
1837,0.029,,0.237016,0.134745,0.800069319554992,,0.029,1.17183031955499
1838,0.03,,0.274116,0.13561,0.278466312865501,,0.03,0.688192312865501
1839,0.031,,0.316092,0.136535,-0.154125400720471,,0.031,0.298501599279529
1840,0.033,,0.361248,0.132865,0.364001020701914,,0.033,0.858114020701914
1841,0.034,,0.408948,0.13897,-0.364745941046208,,0.034,0.183172058953792
1842,0.036,,0.454528,0.140425,-0.380899681141595,,0.036,0.214053318858405
1843,0.037,,0.479544,0.14147,0.788314384132075,,0.037,1.40932838413208
1844,0.039,,0.479332,0.14274,0.863569959173253,,0.039,1.48564195917325
1845,0.043,,0.456436,0.14418,0.159535485957755,,0.043,0.760151485957755
1846,0.043,,0.421456,0.150135,0.415736048010604,,0.043,0.987327048010604
1847,0.046,,0.376936,0.15123,0.613804499945361,,0.046,1.14197049994536
1848,0.047,,0.323088,0.1572,0.639867769605128,,0.047,1.12015576960513
1849,0.05,,0.259276,0.15831,0.271892483966806,,0.05,0.689478483966806
1850,0.054,0.687812409290314,0.18868,0.164195,0.391776847303217,-0.00283943801290326,0.741812409290314,0.744651847303217
1851,0.054,0.691782896381378,0.125504,0.165485,-0.094294819226233,0.549088715607611,0.745782896381378,0.196694180773767
1852,0.057,0.696711060821533,0.069536,0.171645,0.11448171811173,0.398048342709803,0.753711060821533,0.35566271811173
1853,0.059,0.701904330457687,0.00954,0.172905,0.222795498621766,0.355663831835921,0.760904330457687,0.405240498621766
1854,0.069,0.704658061746597,-0.038796,0.17432,0.236736495691228,0.401397566055369,0.773658061746597,0.372260495691229
1855,0.071,0.706707017700195,-0.063388,0.18083,0.305520910538251,0.354744107161944,0.777707017700195,0.422962910538251
1856,0.076,0.71075637292099,-0.063176,0.18227,0.604861830567469,0.0628005423535207,0.78675637292099,0.723955830567469
1857,0.077,0.7174014745121,-0.052788,0.18896,0.874937040132677,-0.216707565620576,0.7944014745121,1.01110904013268
1858,0.078,0.722895861959458,-0.036252,0.19561,0.435797200084168,0.20574066187529,0.800895861959457,0.595155200084168
1859,0.083,0.725729728858948,-0.01378,0.1976,-0.153808810281193,0.77871853914014,0.808729728858948,0.0300111897188074
1860,0.091,0.696427444835663,0.01484,0.19967,0.292006724646861,0.280910720188801,0.787427444835663,0.506516724646861
1861,0.095,0.687017240526199,0.05088,0.206965,-0.388624340654079,0.912796581180278,0.782017240526199,-0.130779340654079
1862,0.097,0.682866278776169,0.094552,0.219015,-0.311112573065201,0.77741185184137,0.779866278776169,0.00245442693479936
1863,0.104,0.680665102367401,0.146068,0.22639,0.578446200638225,-0.166239098270824,0.784665102367401,0.950904200638225
1864,0.112,0.678724836221695,0.2067,0.228825,0.743785106724985,-0.38858527050329,0.790724836221695,1.17931010672498
1865,0.119,0.67925917237854,0.273692,0.236465,0.0835405944128083,0.204561577965732,0.79825917237854,0.593697594412808
1866,0.122,0.675723834051132,0.334324,0.244015,0.354495403634695,-0.135110569583562,0.797723834051132,0.932834403634695
1867,0.13,0.673889033987045,0.385204,0.25209,0.61331368202319,-0.446718648036144,0.803889033987045,1.25060768202319
1868,0.135,0.672490638389587,0.426544,0.259695,0.54646679564862,-0.425215157259033,0.807490638389587,1.23270579564862
1869,0.142,0.672739310005188,0.458344,0.26803,0.323271028240931,-0.234905718235743,0.814739310005188,1.04964502824093
1870,0.147,0.742176837327957,0.480816,0.271125,0.410096677092829,-0.272860839764872,0.889176837327957,1.16203767709283
1871,0.156,0.771576652376175,0.494596,0.27913,-0.0745947782007471,0.228445430576922,0.927576652376175,0.699131221799253
1872,0.173,0.791496167886734,0.496504,0.287825,0.0442752825206018,0.135891885366132,0.964496167886734,0.828604282520602
1873,0.184,0.811339560882568,0.485692,0.295945,0.331225535448193,-0.117522974565624,0.995339560882568,1.11286253544819
1874,0.174,0.826721739906311,0.46216,0.30465,0.276992115965262,-0.043080376058951,1.00072173990631,1.04380211596526
1875,0.188,0.841730860389709,0.430572,0.313115,0.364093662783788,-0.0780498023940788,1.02973086038971,1.10778066278379
1876,0.191,0.854118545856476,0.409584,0.3218,0.761827787047101,-0.448093241190625,1.04511854585648,1.4932117870471
1877,0.194,0.864354064842224,0.404072,0.33546,0.983743506218266,-0.664921441376043,1.05835406484222,1.72327550621827
1878,0.196,0.873183615707397,0.413824,0.34427,0.439798389764499,-0.128708774057101,1.0691836157074,1.1978923897645
1879,0.21,0.878823618247986,0.437144,0.35277,-0.122798699228142,0.421708317476128,1.08882361824799,0.667115300771858
1880,0.236,0.87644247146225,0.467672,0.36152,0.522704153647818,-0.239453682185568,1.11244247146225,1.35189615364782
1881,0.243,0.890416215831757,0.5035,0.370275,-0.133626731014398,0.393267946846155,1.13341621583176,0.740148268985602
1882,0.256,0.899824443092346,0.544628,0.37901,-0.0761797756443238,0.30836621873667,1.15582444309235,0.847458224355676
1883,0.272,0.911033127586365,0.591268,0.38723,0.821157951690957,-0.616622824104593,1.18303312758636,1.79965595169096
1884,0.275,0.920035732963562,0.646176,0.395745,1.05860834321989,-0.905493610256323,1.19503573296356,2.10052934321989
1885,0.277,0.928163112716675,0.718468,0.404035,0.259371200489118,-0.176711087772443,1.20516311271667,1.38187420048912
1886,0.281,0.931951975788116,0.782068,0.40716,0.691444029825727,-0.667720054037611,1.21295197578812,1.88067202982573
1887,0.295,0.935921528770447,0.820652,0.415325,0.858340803632147,-0.8633962748617,1.23092152877045,2.09431780363215
1888,0.327,0.940335587173462,0.838036,0.418595,0.923125857478056,-0.912421270304594,1.26733558717346,2.17975685747806
1889,0.327,0.946137499897003,0.851392,0.426245,0.665592493384888,-0.670091993487885,1.273137499897,1.94322949338489
1890,0.356,0.97878814415741,0.862204,0.433865,0.721352064929366,-0.682632920771957,1.33478814415741,2.01742106492937
1891,0.372,1.00541104668808,0.860084,0.43643,0.178619324140559,-0.0977222774524787,1.37741104668808,1.47513332414056
1892,0.374,1.02091825852203,0.842912,0.44394,0.337842235603047,-0.229775977081013,1.39491825852203,1.62469423560305
1893,0.37,1.0319135717926,0.811324,0.45139,0.623080776182399,-0.483881204389796,1.4019135717926,1.8857947761824
1894,0.383,1.04384284354019,0.772104,0.45927,0.477704415218679,-0.282235571678487,1.42684284354019,1.70907841521868
1895,0.406,1.0544331481514,0.726312,0.46162,0.640673563927714,-0.368172415776316,1.4604331481514,1.82860556392771
1896,0.419,1.06272563920593,0.663984,0.46931,1.10155713942059,-0.753125500214661,1.48172563920593,2.23485113942059
1897,0.44,1.07301399510574,0.589572,0.47716,1.13149368601107,-0.68521169090533,1.51301399510574,2.19822568601107
1898,0.465,1.07766419363403,0.53106,0.479805,0.678002335999023,-0.14620314236499,1.54266419363403,1.68886733599902
1899,0.507,1.08122550068283,0.495656,0.487715,0.220529219463982,0.384325281218849,1.58822550068283,1.20390021946398
1900,0.534,1.11905388293457,0.481664,0.491055,0.769375401878132,-0.0890405189435616,1.65305388293457,1.74209440187813
1901,0.552,1.14851845018387,0.483148,0.499255,0.196943884264892,0.521171565918977,1.70051845018387,1.17934688426489
1902,0.566,1.16653600069046,0.497988,0.502425,-0.248949147682881,0.98107214837334,1.73253600069046,0.751463852317119
1903,0.617,1.18306380073929,0.524912,0.51101,1.21700325535836,-0.452861454619076,1.80006380073929,2.25292525535836
1904,0.624,1.19706543514633,0.563496,0.519745,1.51571090174967,-0.777886466603341,1.82106543514633,2.59895190174967
1905,0.663,1.2079041955452,0.608228,0.52319,0.296387381948142,0.443098813597055,1.8709041955452,1.42780538194814
1906,0.707,1.2152758543663,0.641088,0.531915,1.04332216863889,-0.294049314272588,1.9222758543663,2.21632516863889
1907,0.784,1.22598103491592,0.668012,0.540975,1.19874606878803,-0.397752033872107,2.00998103491592,2.40773306878803
1908,0.75,1.2281478778038,0.687728,0.549505,1.04250932311948,-0.301594445315674,1.9781478778038,2.27974232311948
1909,0.785,1.23817166680908,0.699388,0.55817,0.721275630828531,0.0443380359805513,2.02317166680908,1.97883363082853
1910,0.819,1.21464354858398,0.706596,0.56192,1.0454886662141,-0.280361117630116,2.03364354858398,2.3140046662141
1911,0.836,1.20802117613983,0.72398,0.570295,0.355828708431551,0.393917467708281,2.04402117613983,1.65010370843155
1912,0.879,1.19694515556717,0.754508,0.57396,0.483883144376911,0.263594011190258,2.07594515556717,1.81235114437691
1913,0.943,1.19037574576187,0.787792,0.582225,0.661822911904616,0.101535833857255,2.13337574576187,2.03183991190462
1914,0.85,1.17018244760513,0.813868,0.58512,0.859201304396129,-0.238006856790996,2.02018244760513,2.25818930439613
1915,0.838,1.15981620049286,0.834432,0.593875,0.600931068471836,-0.0314218679789768,1.99781620049286,2.02923806847184
1916,0.901,1.15121519750214,0.846092,0.596995,1.0249481104064,-0.415819912904261,2.05221519750214,2.4680351104064
1917,0.955,1.14626039932251,0.84694,0.6049,1.65193157387597,-1.00251117455346,2.10126039932251,3.10377157387597
1918,0.936,1.14512213991165,0.834432,0.612745,0.873845090181225,-0.239899950269573,2.08112213991165,2.32102209018123
1919,0.806,1.14538206927872,0.807932,0.61601,0.0965415900894832,0.430898479189234,1.95138206927872,1.52048359008948
1920,0.932,1.19737253668594,0.774224,0.62373,1.11176451801938,-0.380345981333434,2.12937253668594,2.50971851801938
1921,0.803,1.2268664293251,0.747936,0.63178,1.07640923944887,-0.426258810123764,2.0298664293251,2.45612523944887
1922,0.845,1.25040145568085,0.731824,0.634325,0.490262615767617,0.23898983991323,2.09540145568085,1.85641161576762
1923,0.97,1.26126544017029,0.725464,0.642225,1.28725007872797,-0.42367363855768,2.23126544017029,2.65493907872797
1924,0.963,1.27082179896164,0.72716,0.644645,0.434392356986385,0.427624441975254,2.23382179896164,1.80619735698639
1925,0.975,1.27759864982986,0.732248,0.65195,0.917916230421188,-0.0495155805913241,2.25259864982986,2.30211423042119
1926,0.983,1.28189128385162,0.744544,0.654085,0.223502205041318,0.642760078810306,2.26489128385162,1.62213120504132
1927,1.062,1.2873289690094,0.760444,0.655995,1.05466510420641,-0.121775135197014,2.3493289690094,2.47110410420641
1928,1.065,1.28820401528168,0.778464,0.662745,0.269986308025352,0.642008707256325,2.35320401528168,1.71119530802535
1929,1.145,1.28615659300232,0.789488,0.66403,0.505493635225139,0.472144957777181,2.43115659300232,1.95901163522514
1930,1.053,1.34874364138031,0.790548,0.665485,0.761003768897263,0.184706872483047,2.40174364138031,2.21703676889726
1931,0.94,1.3897156893959,0.789912,0.666855,-0.0744924025615544,0.947441091957459,2.3297156893959,1.38227459743845
1932,0.847,1.4133174847641,0.788428,0.67242,0.705398329847108,0.0940711549169908,2.2603174847641,2.16624632984711
1933,0.893,1.44097802339172,0.786096,0.67314,0.573619880500715,0.301122142891008,2.33397802339172,2.03285588050072
1934,0.973,1.46042711206436,0.782068,0.673565,0.830928515618915,0.146865596445446,2.43342711206436,2.28656151561891
1935,1.027,1.4780763356781,0.773588,0.673935,0.579270611947554,0.478282723730546,2.5050763356781,2.02679361194755
1936,1.13,1.49599506869888,0.757688,0.673925,0.366336360809249,0.828045707889633,2.62599506869888,1.79794936080925
1937,1.209,1.50622789646149,0.73776,0.673775,0.415402405903486,0.888290490558001,2.71522789646149,1.82693740590349
1938,1.142,1.51323151528168,0.71338,0.673425,0.534965125865899,0.733461389415778,2.65523151528168,1.9217701258659
1939,1.192,1.51584488010407,0.67098,0.673255,1.29032166620097,0.0732882139030937,2.70784488010406,2.63455666620097
1940,1.299,1.54284797510529,0.606108,0.673305,1.0022599068968,0.560175068208481,2.84184797510529,2.28167290689681
1941,1.334,1.56634893068695,0.52258,0.66803,0.358144683377561,1.35159424730939,2.90034893068695,1.54875468337756
1942,1.342,1.56159664547729,0.4293,0.66835,0.845205432130242,0.960741213347053,2.90359664547729,1.94285543213024
1943,1.391,1.55399248021698,0.3339,0.668845,1.07227384048961,0.869973639727367,2.94499248021698,2.07501884048961
1944,1.383,1.54388857849121,0.259276,0.66985,0.04689499241542,1.95086758607579,2.92688857849121,0.97602099241542
1945,1.16,1.53248889881897,0.214332,0.671235,0.590320052220058,1.21660184659891,2.69248889881897,1.47588705222006
1946,1.238,1.5227885255661,0.203096,0.678325,0.374564924325505,1.5048026012406,2.7607885255661,1.2559859243255
1947,1.392,1.51210137602997,0.214968,0.681085,1.0969846285495,0.911063747480469,2.90410137602997,1.9930376285495
1948,1.469,1.49599039733124,0.249948,0.68902,1.07917712957249,0.946845267758745,2.96499039733124,2.01814512957249
1949,1.419,1.47055954367065,0.302948,0.69308,0.622858667214903,1.27067287645575,2.88955954367065,1.6188866672149
1950,1.63,1.55048181860352,0.362096,0.702545,1.97015033476921,0.145690483834303,3.18048181860351,3.03479133476921
1951,1.767,1.59804619575501,0.418488,0.71233,0.785054235075993,1.44917396067901,3.365046195755,1.91587223507599
1952,1.795,1.61714160261536,0.479332,0.7284,-0.150587911095517,2.35499751371087,3.41214160261536,1.05714408890448
1953,1.841,1.64450255724335,0.547384,0.74464,1.02005890728811,1.17341964995524,3.48550255724335,2.31208290728811
1954,1.865,1.67346043480682,0.622008,0.756845,0.890036611097906,1.26957082370892,3.53846043480682,2.26888961109791
1955,2.042,1.69799640414429,0.699176,0.76967,1.9603433454121,0.31080705873219,3.73999640414429,3.4291893454121
1956,2.177,1.72999710087585,0.774436,0.78329,2.46454813184264,-0.115277030966789,3.90699710087585,4.02227413184264
1957,2.27,1.75696702555847,0.869836,0.792965,0.800261739812128,1.56390428574634,4.02696702555847,2.46306273981213
1958,2.33,1.78747207704926,1.01972,0.807815,0.0508549431890862,2.23908213386017,4.11747207704926,1.87838994318909
1959,2.41724007382511,1.81036466770172,2.0448,0.756759356352744,0.564196888734868,0.86184849643922,4.22760474152683,3.36575624508761
1960,2.55022424622909,1.65224927909851,1.5123,0.790414326155164,1.33215072342371,0.567608475748723,4.2024735253276,3.63486504957888
1961,2.55618318487588,1.57468007059479,1.6614,0.680990171885723,0.687426336892675,1.10104674669227,4.13086325547067,3.0298165087784
1962,2.64689750610552,1.52651889082336,1.1928,0.75344512520651,1.31882951266375,0.90834175905862,4.17341639692888,3.26507463787026
1963,2.79680589952968,1.46765591162109,1.2141,0.887891989579726,1.09168321585204,1.07078660571901,4.26446181115077,3.19367520543176
1964,2.9423055079238,1.4144130096283,1.0437,1.0380866738943,1.47560435654601,0.799327487111784,4.35671851755209,3.55739103044031
1965,3.07897814686097,1.36290553652954,2.343,1.17209193979978,0.535499045953592,0.39129269763714,4.44188368339052,4.05059098575338
1966,3.2221559974401,1.31846243502045,2.343,1.14917731760872,1.43330091148121,-0.384859796629383,4.54061843246055,4.92547822908993
1967,3.32528460401777,1.2951815251236,1.2993,0.966455679090819,1.68828889056897,0.666421559481581,4.62046612914137,3.95404456965979
1968,3.5067761238166,1.29005342583084,2.1087,1.07027998050861,2.48112810263377,-0.863278533494934,4.79682954964744,5.66010808314238
1969,3.74034309946015,1.29566801589584,2.8116,1.10705274120522,0.518353532645919,0.599004841504861,5.036011115356,4.43700627385114
1970,4.05012538380463,1.27182442296982,2.4069,1.03261918607433,0.426051407890111,1.45637921281001,5.32194980677445,3.86557059396444
1971,4.21371995604765,1.24714062680817,1.5549,1.12827894804764,2.51559128555118,0.262090349256999,5.46086058285582,5.19877023359882
1972,4.40957919036264,1.21666030546951,3.1311,1.34314015596962,1.16682745592692,-0.0148281160643888,5.62623949583215,5.64106761189654
1973,4.64390098219048,1.19300938088608,3.1098,1.29946913572002,1.39429808960587,0.0333431377506668,5.83691036307655,5.80356722532589
1974,4.62382241573749,1.15883698573685,1.4484,1.23516771653007,3.92768691065234,-0.828595225708082,5.78265940147433,6.61125462718242
1975,4.61796029309242,1.13609724075699,2.6199,1.23109478508815,2.39455321326139,-0.491490464500132,5.75405753384941,6.24554799834954
1976,4.86295794335004,1.12129291133499,2.0661,1.32103500693288,2.98276938324351,-0.385653535491356,5.98425085468503,6.36990439017639
1977,4.99646916666381,1.10311712651444,4.0896,1.39815602136847,1.42495787910195,-0.81312760729217,6.09958629317825,6.91271390047042
1978,5.17952132200293,1.06598721295166,2.7477,1.43738970229979,2.65003121055683,-0.589612377902024,6.24550853495459,6.83512091285662
1979,5.31764432297932,1.0386992796402,4.5582,1.35630196869739,1.44425590199076,-1.00241426806863,6.35634360261951,7.35875787068815
1980,5.29222578932358,1.08498516254044,3.621,1.6288639862171,0.501100071597292,0.626246894049628,6.37721095186402,5.75096405781439
1981,5.14852149665067,1.10205543504565,2.4495,1.61718524778138,2.25029523621132,-0.0664035522963795,6.25057693169632,6.3169804839927
1982,5.11030213040944,1.11744058761885,2.13,1.70257042747738,1.49359623454321,0.9015760560077,6.22774271802829,5.32616666202059
1983,5.15874823851467,1.16010886885953,3.9405,1.82613098975373,0.227431278977801,0.324794838642662,6.3188571073742,5.99406226873153
1984,5.30886403742206,1.1983848308556,2.6412,1.6952644332358,2.71268950691321,-0.541905071871353,6.50724886827766,7.04915394014901
1985,5.49798337251308,1.21821064821135,3.4506,1.64874026463904,2.65052469478196,-1.03367093869657,6.71619402072443,7.749864959421
1986,5.57626706210506,1.25374869361458,2.1726,1.7291614223743,2.20621699419032,0.722037339155019,6.83001575571964,6.10797841656463
1987,5.75705083393769,1.29109548372196,5.751,1.82381692238023,0.427655136720472,-0.954325741441052,7.04814631765965,8.00247205910071
1988,5.97726788441132,1.30780389380816,4.7925,1.70766687760625,1.930199181789,-1.14529428117577,7.28507177821947,8.43036605939525
1989,6.06732647167399,1.33468930997893,2.9394,1.70177483519935,3.36252228397821,-0.601681337524632,7.40201578165293,8.00369711917756
1990,6.20020195121544,1.30820161969547,2.4921,1.81633520767409,2.26903882960355,0.930929533633268,7.50840357091091,6.57747403727764
1991,6.32940858844599,1.30662751819281,1.5762,1.90891310130009,2.19423804960209,1.95668495573662,7.63603610663879,5.67935115090217
1992,6.13166633303753,1.3151998224215,1.491,2.09956103911015,2.09932188204494,1.75698323430395,7.44686615545903,5.68988292115509
1993,6.19987734155666,1.31294007243486,2.6199,2.02842613927547,2.83150644814909,0.0329848265669574,7.51281741399152,7.47983258742456
1994,6.24394631533215,1.30682127761662,3.5784,1.90311017076079,1.41358704135307,0.655670380834905,7.55076759294877,6.89509721211386
1995,6.37870160184955,1.2920542120261,4.1535,1.90789349742481,1.69275669138853,-0.0833943749376871,7.67075581387566,7.75415018881334
1996,6.57738984451924,1.26595757756247,2.2578,1.85979204874878,3.05551725821214,0.670238115120783,7.8433474220817,7.17310930696092
1997,6.61487256248848,1.73840258834695,4.1961,1.9915423027061,3.18892075899822,-1.02328791086889,8.35327515083543,9.37656306170432
1998,6.59111238057101,1.18740797006902,6.0066,2.0926768298158,1.43288313263453,-1.75363961181029,7.77852035064004,9.53215996245033
1999,6.674814165179,1.16140557280399,2.9181,1.94012775001868,3.37846531494505,-0.400473326980734,7.836219737983,8.23669306496373
2000,6.86527280544443,1.34109489373587,2.6199,1.90675436388666,3.7289923918723,-0.0492790565786665,8.2063676991803,8.25564675575896
2001,6.92262071730816,1.27204789345797,3.8766,1.80528980997622,2.38866060370712,0.12411819708278,8.19466861076613,8.07055041368335
2002,7.07407585474694,1.46074783590428,5.0268,2.14843700112389,1.04422857324339,0.31535811628394,8.53482369065122,8.21946557436729
2003,7.41483674218924,1.51957974412454,4.8777,2.21994468792871,2.27877330068024,-0.442001502295177,8.93441648631378,9.37641798860896
2004,7.76319804088034,1.47881242993,3.3441,2.15152357654307,3.45321774643679,0.293169147830479,9.24201047081034,8.94884132297986
2005,8.02431763184792,1.36776814942289,5.1972,2.2178022194737,1.81485228125745,0.162231280539668,9.39208578127082,9.22985450073115
2006,8.29030479250458,1.41756608622008,3.7275,2.28244506202902,3.01755818004824,0.680367636647402,9.70787087872466,9.02750324207726
2007,8.53770238140166,1.2356778988377,4.473,2.31670055150422,2.82742073456567,0.156258994169471,9.77338028023936,9.61712128606989
2008,8.73209548891805,1.29848739028399,3.7914,2.27335774070052,3.50359540985756,0.462229728643957,10.030582879202,9.56835315055808
2009,8.60596799973018,1.50424934289833,3.4293,2.33595332628791,2.71604610016125,1.62891791617935,10.1102173426285,8.48129942644917
2010,9.04781383874961,1.38464504509352,5.1759,2.30510980287712,3.13265897345267,-0.181209892486648,10.4324588838431,10.6136687763298
2011,9.35358614921425,1.34205470920739,3.621,2.42740634267098,4.13032894877632,0.516905566974341,10.6956408584216,10.1787352914473
2012,9.49593058914087,1.4680351014343,5.0907,2.47898469142458,2.54558720011538,0.848693799035206,10.9639656905752,10.11527189154
2013,9.54132839602987,1.51862194680214,5.1333,2.50303123221565,3.28068140228521,0.142937708331148,11.059950342832,10.9170126345009
2014,9.61376578181655,1.65915076717709,4.3239,2.5786925369701,3.71541052596277,0.654913486060779,11.2729165489936,10.6180030629329
2015,9.6175330071469,1.70352608048151,6.3261,2.64024614577637,2.19552694932646,0.159185992525576,11.3210590876284,11.1618730951028
2016,9.65602724256056,1.53740649067591,6.0705,2.6709636017983,2.71882376838031,-0.266853636942135,11.1934337332365,11.4602873701786
2017,9.77360742643155,1.46902392954352,4.5795,2.54155458363638,3.58283198505293,0.538744787285751,11.2426313559751,10.7038865686893
2018,9.98164689415348,1.50884913221838,5.1546,2.62824984436983,3.46882836308954,0.238817818912503,11.4904960263719,11.2516782074594
